ID,Name,Email,Age,Country
1,John Doe,johndoe@example.com,28,USA
2,Jane Smith,janesmith@example.com,34,Canada
3,Bob Johnson,bob.johnson@example.com,45,UK
4,Alice Williams,alice.williams@example.com,23,Australia
5,Michael Brown,michael.brown@example.com,37,New Zealand
6,Linda Davis,linda.davis@example.com,29,Ireland
7,David Wilson,david.wilson@example.com,41,South Africa
8,Susan Taylor,susan.taylor@example.com,32,India
9,James White,james.white@example.com,26,Germany
10,Mary Harris,mary.harris@example.com,38,France